ATM_CE_AND_PE,NFO Trading Symbol,Trading Symbol,Lotsize,LTP,PERCENTAGEOF_LTP,PREMIUM_COLLECTED,2023-12-26,2023-12-22,2023-12-21,2023-12-20,2023-12-19,2023-12-18,2023-12-15,Symbol
118,NIFTY,NIFTY23DECFUT,50,21687,0.5441047632222068,5900.0,263,242.75,278.1,303.15,301.6,329.9,359.4,NIFTY23DECFUT
304,BANKNIFTY,BANKNIFTY23DECFUT,15,48355.3,0.6286797931147154,4560.0,622,644.9000000000001,736.05,786.6,761.45,869.75,910.7,BANKNIFTY23DECFUT
8,AARTIIND,AARTIIND23DECFUT,1000,644,1.2422360248447204,8000.0,9,16.75,22.4,27.05,30.6,34.1,34.25,AARTIIND23DECFUT
24,ABB,ABB23DECFUT,125,4741.05,0.5062169772518746,3000.0,66,120.6,147.45,206.45,232.15,255.15,273.1,ABB23DECFUT
115,ABBOTINDIA,ABBOTINDIA23DECFUT,40,22581.1,0.5092754560229572,4600.0,115,302.4,377.25,2232.25,499.0,580.0,1491.5,ABBOTINDIA23DECFUT
2,ABCAPITAL,ABCAPITAL23DECFUT,5400,161.8,1.2360939431396787,10800.0,3,3.9,5.0,7.85,7.449999999999999,8.9,8.0,ABCAPITAL23DECFUT
4,ABFRL,ABFRL23DECFUT,2600,219.55,1.8219084491004327,10400.0,4,5.6,8.15,10.4,12.0,13.5,13.9,ABFRL23DECFUT
23,ACC,ACC23DECFUT,300,2161.8,1.0639282079748358,6900.0,40,46.75,65.6,216.0,94.75,105.6,113.95,ACC23DECFUT
51,ADANIENT,ADANIENT23DECFUT,300,2842.4,1.7942583732057416,15300.0,51,88.35,130.05,172.75,217.35,250.6,268.65,ADANIENT23DECFUT
9,ADANIPORTS,ADANIPORTS23DECFUT,800,1022.1,0.8805400645729381,7200.0,11,26.6,37.95,52.400000000000006,59.65,66.9,72.65,ADANIPORTS23DECFUT
22,ALKEM,ALKEM23DECFUT,200,5088.25,0.43236869257603305,4400.0,88,126.1,169.75,175.89999999999998,206.2,222.9,229.45,ALKEM23DECFUT
7,AMBUJACEM,AMBUJACEM23DECFUT,1800,516.05,1.3564577075864743,12600.0,13,13.95,20.25,24.9,23.7,26.95,27.2,AMBUJACEM23DECFUT
47,APOLLOHOSP,APOLLOHOSP23DECFUT,125,5673.2,0.828456602975393,5875.0,47,120.9,155.55,180.1,218.05,194.75,194.2,APOLLOHOSP23DECFUT
3,APOLLOTYRE,APOLLOTYRE23DECFUT,1700,436.5,0.6872852233676976,5100.0,6,11.25,16.05,22.15,25.15,25.8,26.25,APOLLOTYRE23DECFUT
1,ASHOKLEY,ASHOKLEY23DECFUT,5000,173.9,0.5750431282346176,5000.0,1,4.25,4.25,7.8,7.0,7.45,7.6,ASHOKLEY23DECFUT
23,ASIANPAINT,ASIANPAINT23DECFUT,200,3398.3,0.67680899273166,4600.0,32,49.8,60.05,74.15,92.7,104.3,105.8,ASIANPAINT23DECFUT
18,ASTRAL,ASTRAL23DECFUT,367,1910.45,0.9421863958753173,6606.0,18,52.55,73.05,141.75,89.85,97.5,103.4,ASTRAL23DECFUT
39,ATUL,ATUL23DECFUT,75,7008.3,0.5564830272676683,2925.0,1,161.7,199.8,233.05,296.6,847.4000000000001,316.15,ATUL23DECFUT
8,AUBANK,AUBANK23DECFUT,1000,772.35,1.0357998316825272,8000.0,8,23.950000000000003,31.7,32.15,30.65,32.599999999999994,36.05,AUBANK23DECFUT
14,AUROPHARMA,AUROPHARMA23DECFUT,1100,1067.95,1.3109227960110492,15400.0,14,34.25,49.150000000000006,42.45,52.95,55.6,52.85,AUROPHARMA23DECFUT
13,AXISBANK,AXISBANK23DECFUT,625,1106.3,1.1750881316098707,8125.0,13,24.950000000000003,30.3,34.650000000000006,34.3,37.8,38.55,AXISBANK23DECFUT
54,BAJAJ-AUTO,BAJAJ-AUTO23DECFUT,125,6680,0.8083832335329342,6750.0,223,126.85,163.2,178.65,204.75,239.3,219.8,BAJAJ-AUTO23DECFUT
8,BAJAJFINSV,BAJAJFINSV23DECFUT,500,1671.7,0.4785547646108752,4000.0,33,37.85,42.35,50.400000000000006,55.8,60.2,63.2,BAJAJFINSV23DECFUT
78,BAJFINANCE,BAJFINANCE23DECFUT,125,7254,1.0752688172043012,9750.0,119,203.25,173.6,189.85,223.85,254.5,256.9,BAJFINANCE23DECFUT
5,BALKRISIND,BALKRISIND23DECFUT,300,2527.15,0.19785133450725126,1500.0,5,58.6,79.2,105.0,114.35,215.7,127.0,BALKRISIND23DECFUT
0,BALRAMCHIN,BALRAMCHIN23DECFUT,1600,396.5,0.0,0.0,2,18.15,24.95,84.75,85.5,29.85,90.0,BALRAMCHIN23DECFUT
2,BANDHANBNK,BANDHANBNK23DECFUT,2500,237.75,0.8412197686645636,5000.0,3,6.449999999999999,9.35,10.65,12.0,13.35,14.2,BANDHANBNK23DECFUT
2,BANKBARODA,BANKBARODA23DECFUT,2925,232.25,0.8611410118406888,5850.0,7,6.2,8.1,8.850000000000001,9.9,10.75,11.55,BANKBARODA23DECFUT
12,BATAINDIA,BATAINDIA23DECFUT,375,1641.8,0.7309051041539774,4500.0,19,39.2,50.0,63.95,54.3,60.4,60.85,BATAINDIA23DECFUT
1,BEL,BEL23DECFUT,5700,180.35,0.5544774050457444,5700.0,2,5.5,6.3,7.1,8.399999999999999,9.7,9.45,BEL23DECFUT
5,BERGEPAINT,BERGEPAINT23DECFUT,1320,585.9,0.8533879501621439,6600.0,6,13.55,16.45,21.05,24.65,26.45,25.75,BERGEPAINT23DECFUT
6,BHARATFORG,BHARATFORG23DECFUT,500,1217.75,0.49271196879490864,3000.0,9,30.9,37.25,46.8,55.9,57.8,54.35,BHARATFORG23DECFUT
7,BHARTIARTL,BHARTIARTL23DECFUT,950,1016.55,0.6886036102503567,6650.0,17,17.25,21.95,27.85,32.150000000000006,39.7,33.2,BHARTIARTL23DECFUT
3,BHEL,BHEL23DECFUT,5250,181.5,1.6528925619834711,15750.0,3,7.949999999999999,9.9,11.7,13.0,14.85,14.2,BHEL23DECFUT
2,BIOCON,BIOCON23DECFUT,2500,252.9,0.7908264136022143,5000.0,2,6.75,8.2,9.6,10.8,12.15,12.1,BIOCON23DECFUT
91,BOSCHLTD,BOSCHLTD23DECFUT,50,21938.95,0.4147873986676664,4550.0,91,877.4,877.4,690.4,747.25,3105.4,2859.15,BOSCHLTD23DECFUT
3,BPCL,BPCL23DECFUT,1800,454.2,0.6605019815059445,5400.0,4,10.55,13.25,15.45,18.75,19.450000000000003,20.700000000000003,BPCL23DECFUT
28,BRITANNIA,BRITANNIA23DECFUT,200,5183.1,0.5402172445061835,5600.0,28,104.05,126.45,130.45,137.3,151.7,138.25,BRITANNIA23DECFUT
5,BSOFT,BSOFT23DECFUT,1000,734.7,0.6805498843065196,5000.0,5,25.4,31.7,35.85,39.0,42.2,44.45,BSOFT23DECFUT
4,CANBK,CANBK23DECFUT,2700,432.5,0.9248554913294799,10800.0,8,10.85,13.5,15.7,18.45,21.200000000000003,22.3,CANBK23DECFUT
7,CANFINHOME,CANFINHOME23DECFUT,975,775.3,0.9028763059460855,6825.0,7,25.3,26.15,35.05,42.65,46.55,48.9,CANFINHOME23DECFUT
4,CHAMBLFERT,CHAMBLFERT23DECFUT,1900,366.05,1.0927468925010244,7600.0,8,12.1,12.95,15.45,18.6,21.15,21.9,CHAMBLFERT23DECFUT
11,CHOLAFIN,CHOLAFIN23DECFUT,625,1256.6,0.8753780041381507,6875.0,17,31.55,33.55,46.45,52.900000000000006,52.55,56.65,CHOLAFIN23DECFUT
5,CIPLA,CIPLA23DECFUT,650,1239.2,0.40348612007746937,3250.0,12,26.9,28.9,34.45,42.0,43.150000000000006,44.25,CIPLA23DECFUT
3,COALINDIA,COALINDIA23DECFUT,2100,365.3,0.8212428141253763,6300.0,4,9.5,11.6,13.45,19.85,16.05,17.85,COALINDIA23DECFUT
66,COFORGE,COFORGE23DECFUT,150,6293.9,1.0486343920303787,9900.0,66,169.8,197.65,255.35,296.54999999999995,338.25,367.45,COFORGE23DECFUT
8,COLPAL,COLPAL23DECFUT,350,2456.7,0.3256400862946229,2800.0,17,47.400000000000006,57.4,70.1,84.8,82.30000000000001,88.35,COLPAL23DECFUT
6,CONCOR,CONCOR23DECFUT,1000,836.35,0.7174030011358881,6000.0,6,22.05,29.75,35.8,41.1,47.0,45.7,CONCOR23DECFUT
20,COROMANDEL,COROMANDEL23DECFUT,700,1237.3,1.616422856219187,14000.0,26,32.85,40.05,74.75,47.15,47.900000000000006,51.05,COROMANDEL23DECFUT
4,CROMPTON,CROMPTON23DECFUT,1800,299.7,1.3346680013346681,7200.0,4,9.35,12.6,13.25,22.2,14.8,13.2,CROMPTON23DECFUT
2,CUB,CUB23DECFUT,5000,147.5,1.3559322033898304,10000.0,2,5.300000000000001,7.050000000000001,7.25,7.699999999999999,8.7,9.3,CUB23DECFUT
31,CUMMINSIND,CUMMINSIND23DECFUT,300,1993.2,1.5552879791290388,9300.0,31,69.25,73.25,102.4,108.6,114.3,122.45,CUMMINSIND23DECFUT
2,DABUR,DABUR23DECFUT,1250,535,0.3738317757009346,2500.0,5,8.649999999999999,11.6,14.35,16.65,17.55,17.6,DABUR23DECFUT
21,DALBHARAT,DALBHARAT23DECFUT,250,2323,0.9040034438226432,5250.0,82,59.5,74.8,89.35,89.6,95.6,98.3,DALBHARAT23DECFUT
24,DEEPAKNTR,DEEPAKNTR23DECFUT,300,2453.85,0.9780548933308881,7200.0,31,87.1,101.55,119.75,120.7,133.85000000000002,143.75,DEEPAKNTR23DECFUT
5,DELTACORP,DELTACORP23DECFUT,2800,147.55,3.3886818027787187,14000.0,5,5.5,12.35,15.6,13.9,12.35,12.1,DELTACORP23DECFUT
46,DIVISLAB,DIVISLAB23DECFUT,200,3884.9,1.184071662076244,9200.0,56,80.75,111.3,137.25,147.85000000000002,159.5,139.95,DIVISLAB23DECFUT
69,DIXON,DIXON23DECFUT,100,6440.25,1.071386980319087,6900.0,69,215.4,286.95,320.15,382.9,376.35,417.05,DIXON23DECFUT
5,DLF,DLF23DECFUT,1650,717.7,0.6966699177929496,8250.0,6,18.7,21.4,20.9,24.55,26.9,29.15,DLF23DECFUT
29,DRREDDY,DRREDDY23DECFUT,125,5702,0.5085934759733427,3625.0,55,106.85,137.55,178.5,191.15,209.75,203.9,DRREDDY23DECFUT
25,EICHERMOT,EICHERMOT23DECFUT,175,4096.6,0.6102621686276424,4375.0,58,87.15,123.6,161.1,155.2,172.4,163.8,EICHERMOT23DECFUT
38,ESCORTS,ESCORTS23DECFUT,275,2955.65,1.2856732021721111,10450.0,51,86.85,104.9,143.6,144.85000000000002,158.2,156.7,ESCORTS23DECFUT
2,EXIDEIND,EXIDEIND23DECFUT,3600,300.75,0.6650041562759768,7200.0,3,7.949999999999999,10.1,13.4,14.9,16.75,15.4,EXIDEIND23DECFUT
1,FEDERALBNK,FEDERALBNK23DECFUT,5000,153.9,0.649772579597141,5000.0,1,3.7,4.85,5.4,6.85,7.15,7.6,FEDERALBNK23DECFUT
1,GAIL,GAIL23DECFUT,4575,151.75,0.6589785831960462,4575.0,3,5.75,5.2,5.95,7.35,8.05,8.5,GAIL23DECFUT
12,GLENMARK,GLENMARK23DECFUT,725,844.85,1.4203704799668582,8700.0,13,27.6,35.65,41.4,50.150000000000006,55.45,50.6,GLENMARK23DECFUT
1,GMRINFRA,GMRINFRA23DECFUT,11250,73.45,1.3614703880190604,11250.0,1,3.25,3.95,4.35,5.550000000000001,6.449999999999999,6.4,GMRINFRA23DECFUT
5,GNFC,GNFC23DECFUT,1300,739.4,0.676223965377333,6500.0,11,19.85,27.45,32.45,36.5,40.25,44.5,GNFC23DECFUT
13,GODREJCP,GODREJCP23DECFUT,500,1103.85,1.177696244960819,6500.0,16,24.25,61.8,37.2,40.65,42.1,44.25,GODREJCP23DECFUT
9,GODREJPROP,GODREJPROP23DECFUT,475,2003.55,0.44920266526914726,4275.0,22,53.650000000000006,69.15,85.8,97.95,103.7,116.3,GODREJPROP23DECFUT
6,GRANULES,GRANULES23DECFUT,2000,396,1.5151515151515151,12000.0,6,11.75,14.65,19.5,24.15,26.15,25.0,GRANULES23DECFUT
10,GRASIM,GRASIM23DECFUT,475,2124.15,0.4707765459124826,4750.0,59,40.75,46.65,61.2,63.1,66.6,70.8,GRASIM23DECFUT
4,GUJGASLTD,GUJGASLTD23DECFUT,1250,449.65,0.8895807850550429,5000.0,4,12.25,13.2,16.05,18.65,20.05,20.15,GUJGASLTD23DECFUT
30,HAL,HAL23DECFUT,300,2805.85,1.0691947181780923,9000.0,30,62.900000000000006,99.6,136.35,167.4,184.7,191.8,HAL23DECFUT
9,HAVELLS,HAVELLS23DECFUT,500,1361.35,0.6611084585154443,4500.0,9,31.8,41.0,52.15,60.65,51.65,52.85,HAVELLS23DECFUT
9,HCLTECH,HCLTECH23DECFUT,700,1470.35,0.6120991600639304,6300.0,13,33.85,37.9,43.05,50.400000000000006,57.55,58.7,HCLTECH23DECFUT
30,HDFCAMC,HDFCAMC23DECFUT,300,3220.25,0.931604689076935,9000.0,40,82.05,105.1,128.5,146.4,139.0,150.2,HDFCAMC23DECFUT
11,HDFCBANK,HDFCBANK23DECFUT,550,1699.1,0.6474015655346949,6050.0,19,23.700000000000003,30.05,29.8,33.7,36.5,39.1,HDFCBANK23DECFUT
7,HDFCLIFE,HDFCLIFE23DECFUT,1100,642.95,1.0887316276537833,7700.0,7,13.05,18.25,22.15,26.85,30.0,31.5,HDFCLIFE23DECFUT
27,HEROMOTOCO,HEROMOTOCO23DECFUT,300,4047,0.6671608598962194,8100.0,22,80.85,100.4,120.8,133.25,149.5,156.60000000000002,HEROMOTOCO23DECFUT
6,HINDALCO,HINDALCO23DECFUT,1400,605,0.9917355371900827,8400.0,24,15.75,16.9,17.9,21.5,23.55,24.65,HINDALCO23DECFUT
3,HINDCOPPER,HINDCOPPER23DECFUT,5300,236.4,1.2690355329949239,15900.0,5,68.05,12.25,12.55,15.6,49.2,14.5,HINDCOPPER23DECFUT
4,HINDPETRO,HINDPETRO23DECFUT,2700,380.05,1.052493093014077,10800.0,6,11.55,14.25,16.45,19.9,22.4,25.1,HINDPETRO23DECFUT
10,HINDUNILVR,HINDUNILVR23DECFUT,300,2603.25,0.38413521559588976,3000.0,24,33.2,40.3,49.7,57.6,68.6,65.25,HINDUNILVR23DECFUT
7,IBULHSGFIN,IBULHSGFIN23DECFUT,5100,213.8,3.2740879326473333,35700.0,3,11.25,14.3,18.05,18.75,22.8,57.55,IBULHSGFIN23DECFUT
10,ICICIBANK,ICICIBANK23DECFUT,700,1003.55,0.9964625579193862,7000.0,13,20.05,24.0,26.0,26.950000000000003,30.35,28.65,ICICIBANK23DECFUT
8,ICICIGI,ICICIGI23DECFUT,500,1416.25,0.5648720211827007,4000.0,7,33.8,162.8,175.8,49.95,58.95,58.650000000000006,ICICIGI23DECFUT
7,ICICIPRULI,ICICIPRULI23DECFUT,1500,525.05,1.333206361298924,10500.0,5,11.85,16.15,20.15,23.8,26.05,26.75,ICICIPRULI23DECFUT
0,IDEA,IDEA23DECFUT,80000,13.4,0.0,0.0,0,0.8,1.0,1.0,1.25,1.35,1.35,IDEA23DECFUT
1,IDFC,IDFC23DECFUT,5000,125,0.8,5000.0,1,2.85,3.8,4.75,5.5,5.6,5.699999999999999,IDFC23DECFUT
1,IDFCFIRSTB,IDFCFIRSTB23DECFUT,7500,89.05,1.1229646266142617,7500.0,1,2.35,3.0,3.6,4.4,4.6,4.7,IDFCFIRSTB23DECFUT
2,IEX,IEX23DECFUT,3750,154.45,1.2949174490126254,7500.0,3,5.15,6.199999999999999,7.6,10.5,11.0,10.4,IEX23DECFUT
4,IGL,IGL23DECFUT,1375,410.45,0.9745401388719698,5500.0,4,11.45,14.3,17.6,19.95,22.55,19.5,IGL23DECFUT
4,INDHOTEL,INDHOTEL23DECFUT,2000,437.4,0.9144947416552356,8000.0,4,10.7,12.4,15.2,17.35,19.25,18.95,INDHOTEL23DECFUT
7,INDIACEM,INDIACEM23DECFUT,2900,257.95,2.7137042062415198,20300.0,7,11.45,9.8,17.45,25.7,16.75,17.7,INDIACEM23DECFUT
27,INDIAMART,INDIAMART23DECFUT,300,2765,0.976491862567812,8100.0,27,94.7,126.25,149.5,151.7,165.45,177.55,INDIAMART23DECFUT
25,INDIGO,INDIGO23DECFUT,300,2927.1,0.8540876635577876,7500.0,25,64.3,83.85,161.9,120.65,131.4,133.25,INDIGO23DECFUT
12,INDUSINDBK,INDUSINDBK23DECFUT,500,1596.55,0.751620682095769,6000.0,19,28.950000000000003,38.95,41.0,47.15,46.6,52.45,INDUSINDBK23DECFUT
4,INDUSTOWER,INDUSTOWER23DECFUT,3400,186.65,2.143048486472006,13600.0,3,6.199999999999999,11.45,8.45,15.55,15.7,14.7,INDUSTOWER23DECFUT
14,INFY,INFY23DECFUT,400,1565.2,0.8944543828264758,5600.0,19,31.8,39.400000000000006,42.95,47.45,54.1,55.8,INFY23DECFUT
1,IOC,IOC23DECFUT,9750,126.7,0.7892659826361484,9750.0,2,3.15,4.199999999999999,4.65,5.449999999999999,6.0,6.35,IOC23DECFUT
16,IPCALAB,IPCALAB23DECFUT,650,1061.65,1.5070880233598642,10400.0,16,45.1,71.75,74.85,53.8,65.1,55.15,IPCALAB23DECFUT
6,IRCTC,IRCTC23DECFUT,875,866.75,0.6922411306605134,5250.0,16,37.35,56.75,50.05,66.15,69.9,41.75,IRCTC23DECFUT
3,ITC,ITC23DECFUT,1600,456.55,0.6571021793888949,4800.0,3,6.55,8.55,10.2,13.0,13.5,14.35,ITC23DECFUT
11,JINDALSTEL,JINDALSTEL23DECFUT,1250,733.1,1.5004774246351111,13750.0,11,22.7,22.75,25.700000000000003,32.5,37.3,40.45,JINDALSTEL23DECFUT
48,JKCEMENT,JKCEMENT23DECFUT,250,3777.45,1.2706984870746139,12000.0,48,118.7,126.25,179.0,174.5,193.6,194.85,JKCEMENT23DECFUT
11,JSWSTEEL,JSWSTEEL23DECFUT,675,879.05,1.2513508901655197,7425.0,28,20.1,24.15,28.15,34.099999999999994,38.35,37.55,JSWSTEEL23DECFUT
7,JUBLFOOD,JUBLFOOD23DECFUT,1250,568.45,1.2314187703403991,8750.0,8,16.950000000000003,21.35,24.9,26.4,28.9,29.8,JUBLFOOD23DECFUT
14,KOTAKBANK,KOTAKBANK23DECFUT,400,1896.65,0.7381435689241558,5600.0,14,27.9,35.0,39.6,44.4,49.8,51.8,KOTAKBANK23DECFUT
1,L&TFH,L&TFH23DECFUT,4462,155.65,0.6424670735624799,4462.0,2,4.550000000000001,5.65,6.75,8.100000000000001,9.1,9.8,L&TFH23DECFUT
31,LALPATHLAB,LALPATHLAB23DECFUT,300,2574,1.2043512043512044,9300.0,42,94.8,128.4,114.55,148.75,135.9,129.55,LALPATHLAB23DECFUT
5,LAURUSLABS,LAURUSLABS23DECFUT,1700,431.65,1.1583458820803894,8500.0,5,13.2,14.75,16.15,19.5,23.05,21.75,LAURUSLABS23DECFUT
5,LICHSGFIN,LICHSGFIN23DECFUT,2000,523.15,0.9557488292076843,10000.0,8,11.15,14.4,18.35,21.1,24.55,25.200000000000003,LICHSGFIN23DECFUT
11,LT,LT23DECFUT,300,3542.25,0.3105370880090338,3300.0,44,62.4,76.65,89.6,92.25,95.45,98.8,LT23DECFUT
55,LTIM,LTIM23DECFUT,150,6276.75,0.8762496514916158,8250.0,24,181.9,217.1,238.35,263.4,284.25,302.9,LTIM23DECFUT
62,LTTS,LTTS23DECFUT,200,5208.75,1.1903047756179506,12400.0,62,142.95,183.25,213.8,238.35,257.55,262.54999999999995,LTTS23DECFUT
10,LUPIN,LUPIN23DECFUT,850,1287.45,0.7767291933667326,8500.0,11,34.8,45.05,49.3,56.2,63.400000000000006,53.8,LUPIN23DECFUT
11,M&M,M&M23DECFUT,350,1679.55,0.654937334405049,3850.0,23,34.9,43.5,50.650000000000006,52.7,60.5,63.15,M&M23DECFUT
4,M&MFIN,M&MFIN23DECFUT,2000,277.55,1.4411817690506215,8000.0,7,7.25,9.65,12.45,14.0,16.3,17.75,M&MFIN23DECFUT
3,MANAPPURAM,MANAPPURAM23DECFUT,6000,171.5,1.749271137026239,18000.0,3,13.05,7.25,9.8,9.0,12.25,12.45,MANAPPURAM23DECFUT
5,MARICO,MARICO23DECFUT,1200,532.3,0.9393199323689649,6000.0,5,11.0,14.5,17.799999999999997,20.6,20.85,20.4,MARICO23DECFUT
101,MARUTI,MARUTI23DECFUT,50,10258,0.9845973874049523,5050.0,101,192.55,255.2,306.35,329.2,370.1,372.3,MARUTI23DECFUT
14,MCDOWELL-N,MCDOWELL-N23DECFUT,700,1081.25,1.2947976878612717,9800.0,14,27.450000000000003,31.4,39.35,49.150000000000006,62.45,49.5,MCDOWELL-N23DECFUT
41,MCX,MCX23DECFUT,400,3188,1.2860727728983687,16400.0,60,99.55,145.65,223.65,191.7,213.85,234.4,MCX23DECFUT
19,METROPOLIS,METROPOLIS23DECFUT,400,1666,1.1404561824729893,7600.0,33,73.8,96.6,102.6,109.8,100.8,95.5,METROPOLIS23DECFUT
10,MFSL,MFSL23DECFUT,800,953.65,1.0486027368531432,8000.0,22,26.65,34.85,45.6,52.400000000000006,59.8,63.55,MFSL23DECFUT
6,MGL,MGL23DECFUT,800,1177.1,0.5097272958966953,4800.0,12,36.0,43.55,49.55,57.1,63.55,61.55,MGL23DECFUT
1,MOTHERSON,MOTHERSON23DECFUT,7100,95.9,1.0427528675703857,7100.0,1,2.9000000000000004,3.55,4.2,4.949999999999999,5.449999999999999,5.8,MOTHERSON23DECFUT
15,MPHASIS,MPHASIS23DECFUT,275,2724.1,0.5506405785397012,4125.0,15,99.95,105.95,118.45,137.10000000000002,157.25,159.35,MPHASIS23DECFUT
576,MRF,MRF23DECFUT,5,120711.1,0.4771723561462036,2880.0,952,3940.95,1852.1,2480.75,3133.25,3366.4,3700.55,MRF23DECFUT
10,MUTHOOTFIN,MUTHOOTFIN23DECFUT,550,1474.05,0.6784030392456158,5500.0,22,36.45,43.1,51.75,63.05,64.5,68.25,MUTHOOTFIN23DECFUT
1,NATIONALUM,NATIONALUM23DECFUT,7500,116.75,0.8565310492505354,7500.0,1,4.4,7.75,5.85,4.5,7.0,7.1,NATIONALUM23DECFUT
42,NAUKRI,NAUKRI23DECFUT,150,5131.55,0.8184661554501076,6300.0,63,117.45,147.8,194.2,246.45,262.35,324.29999999999995,NAUKRI23DECFUT
46,NAVINFLUOR,NAVINFLUOR23DECFUT,150,3850.1,1.1947741617100855,6900.0,58,102.95,138.0,149.3,195.95,205.55,213.0,NAVINFLUOR23DECFUT
108,NESTLEIND,NESTLEIND23DECFUT,40,25723.25,0.4198536343580224,4320.0,121,332.79999999999995,506.9500000000001,717.45,1075.75,735.25,763.7,NESTLEIND23DECFUT
1,NMDC,NMDC23DECFUT,4500,201.2,0.4970178926441352,4500.0,1,7.6,9.7,8.3,10.85,11.75,12.05,NMDC23DECFUT
3,NTPC,NTPC23DECFUT,3000,305.55,0.9818360333824251,9000.0,5,6.25,9.3,10.8,10.9,12.85,13.45,NTPC23DECFUT
11,OBEROIRLTY,OBEROIRLTY23DECFUT,700,1413.8,0.778044985146414,7700.0,11,34.55,45.4,29.6,59.65,68.7,77.1,OBEROIRLTY23DECFUT
38,OFSS,OFSS23DECFUT,200,4185.45,0.9079071545473008,7600.0,44,143.75,149.05,178.1,202.3,219.35,230.4,OFSS23DECFUT
0,ONGC,ONGC23DECFUT,3850,205.5,0.0,0.0,1,4.1,6.05,7.1,8.65,8.45,8.8,ONGC23DECFUT
265,PAGEIND,PAGEIND23DECFUT,15,37825,0.7005948446794449,3975.0,327,454.75,830.1,1071.3,1200.85,1324.5,1328.85,PAGEIND23DECFUT
10,PEL,PEL23DECFUT,750,911.3,1.097333479644464,7500.0,17,31.05,115.1,98.6,53.65,59.45,57.900000000000006,PEL23DECFUT
73,PERSISTENT,PERSISTENT23DECFUT,175,7400,0.9864864864864865,12775.0,73,196.6,271.95,344.25,321.65,368.25,410.85,PERSISTENT23DECFUT
3,PETRONET,PETRONET23DECFUT,3000,216.8,1.3837638376383763,9000.0,1,4.65,5.85,6.5,8.15,9.25,8.649999999999999,PETRONET23DECFUT
5,PFC,PFC23DECFUT,3875,385.95,1.2955045990413268,19375.0,5,13.1,17.45,21.75,22.85,26.2,26.950000000000003,PFC23DECFUT
12,PIDILITIND,PIDILITIND23DECFUT,250,2700.05,0.4444362141441825,3000.0,18,53.55,66.6,84.15,94.15,97.9,102.35,PIDILITIND23DECFUT
44,PIIND,PIIND23DECFUT,250,3444.4,1.2774358378817792,11000.0,44,103.75,137.55,156.1,181.15,203.2,220.35,PIIND23DECFUT
1,PNB,PNB23DECFUT,8000,92.1,1.0857763300760044,8000.0,3,3.0,3.95,4.25,4.95,5.15,5.7,PNB23DECFUT
55,POLYCAB,POLYCAB23DECFUT,100,5433.4,1.0122575183126588,5500.0,49,207.9,172.7,183.6,218.9,246.9,247.4,POLYCAB23DECFUT
2,POWERGRID,POWERGRID23DECFUT,3600,234.05,0.8545182653279214,7200.0,2,5.25,7.15,8.25,10.3,10.4,10.65,POWERGRID23DECFUT
17,PVRINOX,PVRINOX23DECFUT,407,1667,1.0197960407918416,6919.0,17,56.25,78.4,99.15,95.9,94.35,90.55,PVRINOX23DECFUT
14,RAMCOCEM,RAMCOCEM23DECFUT,850,1017.1,1.3764624913971095,11900.0,26,27.950000000000003,35.8,40.150000000000006,46.5,48.0,52.85,RAMCOCEM23DECFUT
2,RBLBANK,RBLBANK23DECFUT,2500,263.55,0.758869284765699,5000.0,4,13.3,11.0,13.25,15.25,17.5,19.45,RBLBANK23DECFUT
4,RECLTD,RECLTD23DECFUT,2000,411.5,0.9720534629404617,8000.0,10,14.05,18.6,24.3,25.95,29.45,30.85,RECLTD23DECFUT
14,RELIANCE,RELIANCE23DECFUT,250,2587,0.5411673753382297,3500.0,14,41.55,52.85,58.35,64.85,64.65,63.7,RELIANCE23DECFUT
1,SAIL,SAIL23DECFUT,8000,115.5,0.8658008658008658,8000.0,2,5.65,7.15,4.25,0.6000000000000001,9.15,6.050000000000001,SAIL23DECFUT
10,SBICARD,SBICARD23DECFUT,800,766.15,1.3052274358807023,8000.0,10,14.55,20.05,25.85,32.7,36.1,34.5,SBICARD23DECFUT
7,SBILIFE,SBILIFE23DECFUT,750,1417.15,0.4939491232403062,5250.0,25,27.3,38.35,37.95,45.55,50.9,51.45,SBILIFE23DECFUT
7,SBIN,SBIN23DECFUT,1500,648.75,1.0789980732177264,10500.0,10,14.65,17.950000000000003,19.95,22.25,23.8,25.55,SBIN23DECFUT
171,SHREECEM,SHREECEM23DECFUT,25,28623.4,0.5974133051978451,4275.0,138,528.75,1046.35,1005.9,1096.1,1081.5,1115.8000000000002,SHREECEM23DECFUT
24,SHRIRAMFIN,SHRIRAMFIN23DECFUT,300,2048.2,1.171760570256811,7200.0,24,62.8,69.85,87.9,95.35,97.35,102.75,SHRIRAMFIN23DECFUT
45,SIEMENS,SIEMENS23DECFUT,275,3976.2,1.1317338162064283,12375.0,45,125.65,136.7,181.2,209.25,264.05,175.2,SIEMENS23DECFUT
20,SRF,SRF23DECFUT,375,2467.3,0.810602683094881,7500.0,40,60.7,74.35,93.35,100.1,109.5,114.7,SRF23DECFUT
8,SUNPHARMA,SUNPHARMA23DECFUT,700,1248.35,0.6408459166099252,5600.0,8,15.1,21.85,27.35,32.35,37.25,34.6,SUNPHARMA23DECFUT
2,SUNTV,SUNTV23DECFUT,1500,703.75,0.2841918294849023,3000.0,8,149.7,29.1,31.4,33.95,35.599999999999994,38.2,SUNTV23DECFUT
9,SYNGENE,SYNGENE23DECFUT,1000,699.2,1.2871853546910754,9000.0,9,26.700000000000003,32.7,36.4,36.6,41.05,38.35,SYNGENE23DECFUT
13,TATACHEM,TATACHEM23DECFUT,550,1087.75,1.1951275568834752,7150.0,20,26.25,31.75,38.2,42.25,47.9,49.1,TATACHEM23DECFUT
15,TATACOMM,TATACOMM23DECFUT,500,1735.8,0.8641548565502939,7500.0,15,36.0,55.3,68.95,79.85,92.05,89.25,TATACOMM23DECFUT
4,TATACONSUM,TATACONSUM23DECFUT,900,1026.5,0.3896736483195324,3600.0,17,16.55,20.6,28.950000000000003,33.65,30.0,28.4,TATACONSUM23DECFUT
7,TATAMOTORS,TATAMOTORS23DECFUT,1425,738.75,0.9475465313028765,9975.0,18,14.5,17.15,21.55,23.450000000000003,27.4,28.700000000000003,TATAMOTORS23DECFUT
4,TATAPOWER,TATAPOWER23DECFUT,3375,324.2,1.2338062924120914,13500.0,4,9.8,12.95,15.8,16.85,19.3,20.55,TATAPOWER23DECFUT
1,TATASTEEL,TATASTEEL23DECFUT,5500,137,0.7299270072992701,5500.0,2,2.9,3.35,3.9,5.15,6.1,6.15,TATASTEEL23DECFUT
22,TCS,TCS23DECFUT,175,3808.5,0.5776552448470527,3850.0,22,78.35,90.2,102.25,108.45,133.85,135.3,TCS23DECFUT
13,TECHM,TECHM23DECFUT,600,1278.2,1.017055233922704,7800.0,13,31.95,34.7,43.35,49.0,56.45,60.400000000000006,TECHM23DECFUT
27,TITAN,TITAN23DECFUT,375,3688.65,0.7319751128461632,10125.0,30,53.75,68.30000000000001,89.05000000000001,99.1,110.5,103.1,TITAN23DECFUT
15,TORNTPHARM,TORNTPHARM23DECFUT,500,2264,0.6625441696113075,7500.0,14,59.1,73.85,82.35,92.05,103.75,108.05,TORNTPHARM23DECFUT
25,TRENT,TRENT23DECFUT,400,3013.5,0.8296001327360213,10000.0,33,60.75,81.1,104.7,118.65,126.15,134.5,TRENT23DECFUT
18,TVSMOTOR,TVSMOTOR23DECFUT,350,2008.6,0.8961465697500747,6300.0,18,43.3,56.1,73.55,74.15,82.1,84.05000000000001,TVSMOTOR23DECFUT
14,UBL,UBL23DECFUT,400,1701.7,0.8227067050596462,5600.0,19,36.7,48.4,57.65,62.85,75.9,70.75,UBL23DECFUT
102,ULTRACEMCO,ULTRACEMCO23DECFUT,100,10439.05,0.9771004066461987,10200.0,444,164.35,207.95,263.04999999999995,291.1,313.7,321.4,ULTRACEMCO23DECFUT
6,UPL,UPL23DECFUT,1300,583.7,1.027925304094569,7800.0,8,11.5,14.9,18.8,19.1,21.5,22.0,UPL23DECFUT
2,VEDL,VEDL23DECFUT,2000,252.4,0.7923930269413629,4000.0,2,6.45,8.3,9.55,14.9,16.8,15.8,VEDL23DECFUT
11,VOLTAS,VOLTAS23DECFUT,600,986.15,1.1154489682097044,6600.0,17,25.5,36.15,38.25,42.7,42.650000000000006,44.7,VOLTAS23DECFUT
5,WIPRO,WIPRO23DECFUT,1500,470,1.0638297872340425,7500.0,5,17.7,13.2,14.65,16.65,18.950000000000003,19.85,WIPRO23DECFUT
3,ZEEL,ZEEL23DECFUT,3000,264.9,1.1325028312570782,9000.0,3,9.65,17.6,27.0,22.65,25.75,29.1,ZEEL23DECFUT
3,ZYDUSLIFE,ZYDUSLIFE23DECFUT,900,686.35,0.4370947767174182,2700.0,9,18.2,23.5,27.9,35.1,39.8,29.6,ZYDUSLIFE23DECFUT
