NFO Trading Symbol,Trading Symbol,Lotsize,LTP,PERCENTAGEOF_LTP,PREMIUM_COLLECTED,ATM_CE_AND_PE,2023-12-28,2023-12-27,2023-12-26,2023-12-22,2023-12-21,2023-12-20,2023-12-19,2023-12-18,Symbol
NIFTY,NIFTY24JANFUT,50,21914.4,3.0208447413572808,33100.0,662,658,701.5999999999999,672.05,660.35,657.95,698.7,698.6,693.35,NIFTY24JANFUT
BANKNIFTY,BANKNIFTY24JANFUT,15,48665.55,3.369940337672131,24600.0,1640,1644,1742.0500000000002,1671.6,1733.0,1728.75,1773.95,1792.9,1773.0500000000002,BANKNIFTY24JANFUT
AARTIIND,AARTIIND24JANFUT,1000,657.25,9.281095473564092,61000.0,61,61,67.4,61.6,31.25,54.900000000000006,51.65,182.85,159.65,AARTIIND24JANFUT
ABB,ABB24JANFUT,125,4723.25,6.923199068438047,40875.0,327,327,344.6,328.0,244.7,850.9499999999999,213.5,1202.5,1218.55,ABB24JANFUT
ABBOTINDIA,ABBOTINDIA24JANFUT,40,22800.6,2.969220108242766,27080.0,677,681,2189.3,2189.3,2189.3,1150.0,2184.6,2263.6,1259.35,ABBOTINDIA24JANFUT
ABCAPITAL,ABCAPITAL24JANFUT,5400,167.65,7.754249925439904,70200.0,13,13,14.65,12.75,13.45,14.15,28.3,26.5,26.5,ABCAPITAL24JANFUT
ABFRL,ABFRL24JANFUT,2600,226.0,7.52212389380531,44200.0,17,17,18.95,28.75,19.65,19.8,20.75,39.95,40.3,ABFRL24JANFUT
ACC,ACC24JANFUT,300,2213.55,6.957150278963656,46200.0,154,153,185.3,145.60000000000002,325.1,321.4,168.7,365.6,391.1,ACC24JANFUT
ADANIENT,ADANIENT24JANFUT,300,2879.0,11.462313303230289,99000.0,330,323,344.95,351.05,349.4,412.2,422.4,466.9,477.65,ADANIENT24JANFUT
ADANIPORTS,ADANIPORTS24JANFUT,800,1035.15,8.307974689658502,68800.0,86,86,96.3,99.6,110.5,115.9,113.8,122.7,125.05,ADANIPORTS24JANFUT
ALKEM,ALKEM24JANFUT,200,5168.55,6.094552630815218,63000.0,315,315,1526.05,320.05,1304.0,177.8,116.2,177.8,177.8,ALKEM24JANFUT
AMBUJACEM,AMBUJACEM24JANFUT,1800,526.15,7.60239475434762,72000.0,40,40,48.7,44.6,48.75,49.3,98.2,57.25,51.55,AMBUJACEM24JANFUT
APOLLOHOSP,APOLLOHOSP24JANFUT,125,5772.5,7.171935902988307,51750.0,414,415,1157.45,1116.0,431.8,976.9,801.25,424.1,992.1,APOLLOHOSP24JANFUT
APOLLOTYRE,APOLLOTYRE24JANFUT,1700,454.5,7.700770077007702,59500.0,35,35,35.400000000000006,32.2,32.3,84.55,73.6,87.1,87.1,APOLLOTYRE24JANFUT
ASHOKLEY,ASHOKLEY24JANFUT,5000,182.95,7.65236403388904,70000.0,14,14,13.85,21.15,17.05,22.0,22.1,,,ASHOKLEY24JANFUT
ASIANPAINT,ASIANPAINT24JANFUT,200,3441.0,5.463528044173206,37600.0,188,188,193.9,132.3,490.85,473.65,395.05,419.75,419.75,ASIANPAINT24JANFUT
ASTRAL,ASTRAL24JANFUT,367,1915.6,6.368761745667154,44774.0,122,125,145.05,274.35,292.0,152.0,263.15,273.85,287.85,ASTRAL24JANFUT
ATUL,ATUL24JANFUT,75,7155.85,5.198543848739144,27900.0,372,372,969.25,996.95,969.25,366.8,870.5,996.95,969.25,ATUL24JANFUT
AUBANK,AUBANK24JANFUT,1000,784.2,8.288701861769956,65000.0,65,66,70.1,72.15,72.4,76.8,67.0,60.25,62.85,AUBANK24JANFUT
AUROPHARMA,AUROPHARMA24JANFUT,1100,1086.5,8.83571099861942,105600.0,96,97,108.2,110.0,118.3,114.5,110.35,105.4,190.0,AUROPHARMA24JANFUT
AXISBANK,AXISBANK24JANFUT,625,1108.05,5.505166734353143,38125.0,61,62,65.65,63.4,64.8,64.4,67.4,69.4,71.94999999999999,AXISBANK24JANFUT
BAJAJ-AUTO,BAJAJ-AUTO24JANFUT,125,6770.65,6.085087842378502,51500.0,412,412,442.55,394.55,380.75,405.2,382.6,442.6,1391.0,BAJAJ-AUTO24JANFUT
BAJAJFINSV,BAJAJFINSV24JANFUT,500,1704.4,5.867167331612298,50000.0,100,101,113.25,108.45,216.65,223.9,109.4,98.7,257.45,BAJAJFINSV24JANFUT
BAJFINANCE,BAJFINANCE24JANFUT,125,7379.55,6.111483762560047,56375.0,451,454,488.25,502.5,480.9,459.4,431.65,494.85,839.3,BAJFINANCE24JANFUT
BALKRISIND,BALKRISIND24JANFUT,300,2592.45,6.094620918436229,47400.0,158,160,277.6,276.15,353.70000000000005,185.4,361.55,352.55,352.55,BALKRISIND24JANFUT
BALRAMCHIN,BALRAMCHIN24JANFUT,1600,417.25,9.586578789694428,64000.0,40,39,55.15,53.85,53.85,53.85,58.2,55.15,68.0,BALRAMCHIN24JANFUT
BANDHANBNK,BANDHANBNK24JANFUT,2500,243.45,9.447525159170262,57500.0,23,23,24.9,40.45,40.45,25.55,42.650000000000006,25.85,58.55,BANDHANBNK24JANFUT
BANKBARODA,BANKBARODA24JANFUT,2925,232.8,8.161512027491408,55575.0,19,19,20.95,19.15,19.1,19.4,19.65,21.4,44.1,BANKBARODA24JANFUT
BATAINDIA,BATAINDIA24JANFUT,375,1670.15,4.490614615453701,28125.0,75,100,84.2,79.9,79.9,162.85,79.9,180.65,180.65,BATAINDIA24JANFUT
BEL,BEL24JANFUT,5700,184.75,9.742895805142084,102600.0,18,18,19.65,20.9,46.0,0.0,48.05,18.05,18.950000000000003,BEL24JANFUT
BERGEPAINT,BERGEPAINT24JANFUT,1320,610.4,6.389252948885976,51480.0,39,39,78.15,74.15,74.15,38.75,65.6,49.6,49.95,BERGEPAINT24JANFUT
BHARATFORG,BHARATFORG24JANFUT,500,1250.95,6.714896678524321,42000.0,84,84,249.75,226.3,99.1,91.7,191.8,218.95,253.7,BHARATFORG24JANFUT
BHARTIARTL,BHARTIARTL24JANFUT,950,1044.9,4.498038089769356,44650.0,47,47,52.45,53.65,53.95,113.75,51.8,65.0,67.55,BHARTIARTL24JANFUT
BHEL,BHEL24JANFUT,5250,195.65,11.244569384104269,115500.0,22,22,20.55,21.95,22.9,26.1,25.6,62.9,29.7,BHEL24JANFUT
BIOCON,BIOCON24JANFUT,2500,252.35,7.925500297206262,50000.0,20,20,21.45,39.7,22.0,37.3,20.75,23.7,42.4,BIOCON24JANFUT
BOSCHLTD,BOSCHLTD24JANFUT,50,22365.2,3.5814569062650903,40050.0,801,737,2827.05,2768.35,2658.0,2658.0,2554.15,2768.35,2827.05,BOSCHLTD24JANFUT
BPCL,BPCL24JANFUT,1800,455.6,8.560140474100088,70200.0,39,42,38.0,151.64999999999998,129.6,132.05,122.45,37.8,37.6,BPCL24JANFUT
BRITANNIA,BRITANNIA24JANFUT,200,5318.05,3.8171886311712,40600.0,203,273,0.0,713.65,289.95,276.7,257.5,560.7,0.0,BRITANNIA24JANFUT
BSOFT,BSOFT24JANFUT,1000,726.0,9.090909090909092,66000.0,66,67,72.4,199.45,235.5,80.65,225.45,193.65,193.65,BSOFT24JANFUT
CANBK,CANBK24JANFUT,2700,442.0,8.144796380090497,97200.0,36,36,36.9,34.35,34.349999999999994,36.05,35.85,41.35,110.05,CANBK24JANFUT
CANFINHOME,CANFINHOME24JANFUT,975,785.15,8.278672865057631,63375.0,65,66,65.9,68.1,82.4,82.4,122.95,131.45,131.45,CANFINHOME24JANFUT
CHAMBLFERT,CHAMBLFERT24JANFUT,1900,377.35,8.745196766927256,62700.0,33,38,38.7,101.0,90.05,77.55,66.2,81.60000000000001,85.75,CHAMBLFERT24JANFUT
CHOLAFIN,CHOLAFIN24JANFUT,625,1257.35,7.157911480494692,56250.0,90,90,87.95,87.6,87.85,179.14999999999998,182.75,202.9,199.5,CHOLAFIN24JANFUT
CIPLA,CIPLA24JANFUT,650,1259.45,6.193179562507443,50700.0,78,79,83.45,84.65,80.15,83.5,152.39999999999998,154.7,134.95,CIPLA24JANFUT
COALINDIA,COALINDIA24JANFUT,2100,377.0,7.6923076923076925,60900.0,29,30,31.35,32.650000000000006,87.5,89.3,32.95,79.60000000000001,32.650000000000006,COALINDIA24JANFUT
COFORGE,COFORGE24JANFUT,150,6327.7,8.281049986566998,78600.0,524,524,566.8,552.65,577.35,503.6,1698.9,607.5,1789.75,COFORGE24JANFUT
COLPAL,COLPAL24JANFUT,350,2510.45,4.30201756657173,37800.0,108,116,460.05,468.1,120.5,123.75,397.55,364.7000000000001,397.55,COLPAL24JANFUT
CONCOR,CONCOR24JANFUT,1000,864.25,7.752386462250506,67000.0,67,67,62.55,68.4,45.900000000000006,63.900000000000006,150.7,174.25,53.05,CONCOR24JANFUT
COROMANDEL,COROMANDEL24JANFUT,700,1249.0,8.086469175340271,70700.0,101,101,106.0,193.6,174.0,162.45,152.0,180.25,180.25,COROMANDEL24JANFUT
CROMPTON,CROMPTON24JANFUT,1800,313.7,7.331845712464139,41400.0,23,28,35.5,40.55,45.55,40.55,28.9,29.8,39.650000000000006,CROMPTON24JANFUT
CUB,CUB24JANFUT,5000,151.2,8.597883597883598,65000.0,13,13,14.4,14.4,12.05,27.6,31.2,36.1,38.35,CUB24JANFUT
CUMMINSIND,CUMMINSIND24JANFUT,300,1986.5,8.10470677070224,48300.0,161,165,190.75,442.55,418.15,97.55,98.4,109.65,313.3,CUMMINSIND24JANFUT
DABUR,DABUR24JANFUT,1250,563.65,4.967621751086668,35000.0,28,29,28.25,49.2,49.2,57.55,30.3,57.0,52.65,DABUR24JANFUT
DALBHARAT,DALBHARAT24JANFUT,250,2322.85,7.275545127752546,42250.0,169,169,209.15,374.7000000000001,333.04999999999995,350.0,333.04999999999995,391.55,403.1,DALBHARAT24JANFUT
DEEPAKNTR,DEEPAKNTR24JANFUT,300,2495.75,9.29580286487028,69600.0,232,231,621.1,250.35,248.85,222.3,368.2,415.2,428.2,DEEPAKNTR24JANFUT
DELTACORP,DELTACORP24JANFUT,3000,149.05,12.076484401207647,54000.0,18,18,33.55,35.3,39.95,33.4,20.65,35.3,34.3,DELTACORP24JANFUT
DIVISLAB,DIVISLAB24JANFUT,200,3952.55,7.893638284145678,62400.0,312,311,337.4,355.85,338.45,306.85,254.2,327.8,227.5,DIVISLAB24JANFUT
DIXON,DIXON24JANFUT,100,6627.25,8.79701233543325,58300.0,583,583,613.4000000000001,632.5,681.2,730.8,523.15,1301.95,523.15,DIXON24JANFUT
DLF,DLF24JANFUT,1650,731.75,7.106252135292109,85800.0,52,52,56.3,58.1,58.2,55.95,51.6,56.85,201.1,DLF24JANFUT
DRREDDY,DRREDDY24JANFUT,125,5851.0,5.452059477012477,39875.0,319,342,579.15,369.9500000000001,376.3,382.1,554.6,458.15,554.6,DRREDDY24JANFUT
EICHERMOT,EICHERMOT24JANFUT,175,4144.95,6.77933388822543,49175.0,281,280,,840.85,326.1,280.0,0.0,858.7,769.2,EICHERMOT24JANFUT
ESCORTS,ESCORTS24JANFUT,275,3013.55,7.665378042508005,63525.0,231,231,250.35,247.5,247.0,259.5,460.3,370.0,370.0,ESCORTS24JANFUT
EXIDEIND,EXIDEIND24JANFUT,3600,312.0,7.051282051282051,79200.0,22,24,28.15,24.1,11.6,50.7,10.2,73.15,73.4,EXIDEIND24JANFUT
FEDERALBNK,FEDERALBNK24JANFUT,5000,157.2,6.997455470737914,55000.0,11,11,11.0,11.15,11.35,23.65,12.1,12.9,24.4,FEDERALBNK24JANFUT
GAIL,GAIL24JANFUT,4575,163.85,9.765028989929814,73200.0,16,16,15.15,16.35,16.05,14.25,13.25,33.9,28.1,GAIL24JANFUT
GLENMARK,GLENMARK24JANFUT,725,863.95,8.333815614329533,52200.0,72,72,79.55000000000001,80.0,86.75,85.7,83.75,146.5,145.95,GLENMARK24JANFUT
GMRINFRA,GMRINFRA24JANFUT,11250,77.45,11.620400258231117,101250.0,9,9,9.65,10.2,11.95,11.1,9.7,10.55,11.5,GMRINFRA24JANFUT
GNFC,GNFC24JANFUT,1300,761.6,8.928571428571429,88400.0,68,68,69.80000000000001,164.85000000000002,145.05,143.55,132.05,155.15,156.35000000000002,GNFC24JANFUT
GODREJCP,GODREJCP24JANFUT,500,1142.9,6.037273602239916,34500.0,69,82,89.9,97.25,158.3,142.55,126.7,126.7,118.4,GODREJCP24JANFUT
GODREJPROP,GODREJPROP24JANFUT,475,2033.0,8.607968519429415,83125.0,175,176,191.4,196.1,188.45,423.65,198.5,214.8,540.4,GODREJPROP24JANFUT
GRANULES,GRANULES24JANFUT,2000,401.45,8.220201768588865,66000.0,33,33,36.8,40.7,35.75,69.25,46.65,83.0,83.0,GRANULES24JANFUT
GRASIM,GRASIM24JANFUT,475,2136.9,5.42842435303477,55100.0,116,118,143.95,131.65,249.45,119.75,103.5,98.05,285.1,GRASIM24JANFUT
GUJGASLTD,GUJGASLTD24JANFUT,1250,463.95,7.112835434852894,41250.0,33,33,34.05,36.9,33.0,33.05,32.0,37.05,74.75,GUJGASLTD24JANFUT
HAL,HAL24JANFUT,300,2826.3,9.553125995117291,81000.0,270,271,,306.45,0.0,0.0,305.45000000000005,,1163.75,HAL24JANFUT
HAVELLS,HAVELLS24JANFUT,500,1389.7,5.324890264085774,37000.0,74,93,0.0,0.0,91.05,0.0,0.0,0.0,167.05,HAVELLS24JANFUT
HCLTECH,HCLTECH24JANFUT,700,1461.0,6.2970568104038325,64400.0,92,93,100.2,104.3,255.4,87.3,47.05,247.85,117.15,HCLTECH24JANFUT
HDFCAMC,HDFCAMC24JANFUT,300,3221.7,6.673495359592763,64500.0,215,181,0.0,247.0,0.0,584.35,511.55,522.65,523.5,HDFCAMC24JANFUT
HDFCBANK,HDFCBANK24JANFUT,550,1723.2,4.468430826369545,42350.0,77,77,77.85,78.85,80.7,83.05,75.5,78.2,83.1,HDFCBANK24JANFUT
HDFCLIFE,HDFCLIFE24JANFUT,1100,652.3,6.438755173999694,46200.0,42,42,44.5,44.8,43.2,48.05,48.75,100.2,105.4,HDFCLIFE24JANFUT
HEROMOTOCO,HEROMOTOCO24JANFUT,300,4154.95,6.859288318752332,85500.0,285,287,281.0,290.25,0.0,836.7,705.35,854.55,789.4499999999999,HEROMOTOCO24JANFUT
HINDALCO,HINDALCO24JANFUT,1400,616.2,7.789678675754624,67200.0,48,48,53.55,49.6,140.05,43.75,50.85,135.25,136.7,HINDALCO24JANFUT
HINDCOPPER,HINDCOPPER24JANFUT,5300,269.35,10.766660478930758,153700.0,29,4,63.900000000000006,72.6,65.15,30.700000000000003,27.6,63.85,57.55,HINDCOPPER24JANFUT
HINDPETRO,HINDPETRO24JANFUT,2700,403.4,10.163609320773428,110700.0,41,46,43.150000000000006,86.1,38.3,38.650000000000006,85.89999999999999,102.3,81.85,HINDPETRO24JANFUT
HINDUNILVR,HINDUNILVR24JANFUT,300,2682.35,4.175443174828042,33600.0,112,111,119.25,125.8,120.5,122.3,123.35,134.4,128.65,HINDUNILVR24JANFUT
ICICIBANK,ICICIBANK24JANFUT,700,1008.55,5.056764662138715,35700.0,51,52,53.35,53.55,53.0,53.9,54.7,138.3,57.5,ICICIBANK24JANFUT
ICICIGI,ICICIGI24JANFUT,500,1434.4,3.6252091466815393,26000.0,52,83,160.05,160.05,160.05,157.75,157.75,175.0,172.8,ICICIGI24JANFUT
ICICIPRULI,ICICIPRULI24JANFUT,1500,536.65,6.521941675207304,52500.0,35,35,39.65,40.75,0.0,0.0,0.0,0.0,0.0,ICICIPRULI24JANFUT
IDEA,IDEA24JANFUT,80000,14.55,13.745704467353953,160000.0,2,2,2.15,2.3,2.6,2.65,2.4,2.7,2.85,IDEA24JANFUT
IDFC,IDFC24JANFUT,5000,126.25,5.544554455445545,35000.0,7,7,8.35,8.75,8.7,9.45,19.1,19.75,20.0,IDFC24JANFUT
IDFCFIRSTB,IDFCFIRSTB24JANFUT,7500,89.0,6.741573033707865,45000.0,6,6,7.1,7.4,7.5,7.85,8.600000000000001,9.3,8.75,IDFCFIRSTB24JANFUT
IEX,IEX24JANFUT,3750,171.15,11.685655857434998,75000.0,20,20,18.1,10.6,32.4,32.7,17.3,33.85,20.4,IEX24JANFUT
IGL,IGL24JANFUT,1375,422.5,8.284023668639055,48125.0,35,35,36.15,36.0,35.95,55.7,36.75,41.75,62.8,IGL24JANFUT
INDHOTEL,INDHOTEL24JANFUT,2000,441.7,6.339144215530904,56000.0,28,28,29.95,31.75,77.75,71.64999999999999,22.4,34.7,84.5,INDHOTEL24JANFUT
INDIACEM,INDIACEM24JANFUT,2900,264.45,11.344299489506524,87000.0,30,30,32.95,70.0,57.0,57.0,33.55,83.3,60.05,INDIACEM24JANFUT
INDIAMART,INDIAMART24JANFUT,300,2734.5,7.021393307734504,57600.0,192,241,252.9,0.0,0.0,0.0,209.85,0.0,0.0,INDIAMART24JANFUT
INDIGO,INDIGO24JANFUT,300,2972.5,5.584524810765349,49800.0,166,184,630.5999999999999,546.9,200.5,569.4,504.9,607.3,295.5,INDIGO24JANFUT
INDUSINDBK,INDUSINDBK24JANFUT,500,1610.25,5.464989908399317,44000.0,88,88,92.8,89.1,90.0,92.4,90.55,94.8,92.3,INDUSINDBK24JANFUT
INDUSTOWER,INDUSTOWER24JANFUT,3400,197.65,10.118897040222617,68000.0,20,20,19.5,19.8,21.5,33.5,31.95,26.450000000000003,40.5,INDUSTOWER24JANFUT
INFY,INFY24JANFUT,400,1555.05,7.395260602552972,46000.0,115,115,115.3,119.2,123.3,110.45,111.85,119.3,114.5,INFY24JANFUT
IOC,IOC24JANFUT,9750,130.9,8.403361344537814,107250.0,11,11,11.75,11.6,10.95,11.6,3.15,33.9,33.9,IOC24JANFUT
IPCALAB,IPCALAB24JANFUT,650,1112.45,8.0003595667221,57850.0,89,90,67.3,138.25,138.25,178.95,178.95,155.95,167.54999999999998,IPCALAB24JANFUT
IRCTC,IRCTC24JANFUT,875,890.4,11.118598382749328,86625.0,99,97,104.7,109.7,111.55,121.15,126.55,294.6,293.45,IRCTC24JANFUT
ITC,ITC24JANFUT,1600,468.4,4.910333048676345,36800.0,23,23,21.0,21.65,21.7,22.8,23.5,27.55,43.2,ITC24JANFUT
JINDALSTEL,JINDALSTEL24JANFUT,1250,748.35,8.418520745640409,78750.0,63,62,66.45,63.05,67.0,60.95,63.9,69.15,149.8,JINDALSTEL24JANFUT
JKCEMENT,JKCEMENT24JANFUT,250,3823.1,6.042217048991656,57750.0,231,231,148.1,723.25,723.25,802.7,723.25,844.15,844.15,JKCEMENT24JANFUT
JSWSTEEL,JSWSTEEL24JANFUT,675,883.9,7.919447901346306,47250.0,70,70,75.05,64.75,65.4,63.75,67.15,175.25,169.2,JSWSTEEL24JANFUT
JUBLFOOD,JUBLFOOD24JANFUT,1250,568.15,7.744433688286545,55000.0,44,43,50.2,93.2,94.5,56.35,51.45,93.35,40.35,JUBLFOOD24JANFUT
KOTAKBANK,KOTAKBANK24JANFUT,400,1916.15,4.644730318607625,35600.0,89,90,98.55,99.65,99.15,106.4,94.85,102.0,103.1,KOTAKBANK24JANFUT
L&TFH,L&TFH24JANFUT,4462,164.7,8.500303582270796,62468.0,14,14,0.0,13.65,28.4,12.75,26.8,32.75,32.75,L&TFH24JANFUT
LALPATHLAB,LALPATHLAB24JANFUT,300,2603.3,8.79652748434679,68700.0,229,212,261.85,422.05,422.05,422.05,269.65,399.2,399.2,LALPATHLAB24JANFUT
LAURUSLABS,LAURUSLABS24JANFUT,1700,433.15,8.772942398707146,64600.0,38,38,85.15,46.55,44.45,43.05,62.65,68.39999999999999,68.39999999999999,LAURUSLABS24JANFUT
LICHSGFIN,LICHSGFIN24JANFUT,2000,536.5,6.896551724137931,74000.0,37,37,39.75,38.400000000000006,37.5,23.25,39.3,101.3,101.3,LICHSGFIN24JANFUT
LT,LT24JANFUT,300,3534.9,5.148660499589805,54600.0,182,184,188.2,179.6,662.85,188.15,162.65,635.9499999999999,618.7,LT24JANFUT
LTIM,LTIM24JANFUT,150,6331.25,7.091806515301085,67350.0,449,449,311.35,462.95,1139.55,506.15,1039.2,1071.55,1105.05,LTIM24JANFUT
LTTS,LTTS24JANFUT,200,5328.7,7.431456077467299,79200.0,396,396,1292.1,1285.1,1259.7,436.75,509.4,451.85,1337.35,LTTS24JANFUT
LUPIN,LUPIN24JANFUT,850,1335.9,7.1861666292387145,81600.0,96,98,118.1,115.05,179.0,174.05,92.4,179.0,174.05,LUPIN24JANFUT
M&M,M&M24JANFUT,350,1748.05,6.121106375675754,37450.0,107,107,101.75,103.4,101.8,103.55,106.75,267.05,276.25,M&M24JANFUT
M&MFIN,M&MFIN24JANFUT,2000,274.65,9.466593846714,52000.0,26,26,27.85,28.8,27.1,28.55,28.7,28.4,28.65,M&MFIN24JANFUT
MANAPPURAM,MANAPPURAM24JANFUT,6000,174.45,9.744912582401836,102000.0,17,17,50.35,51.0,47.45,39.8,44.95,43.5,43.5,MANAPPURAM24JANFUT
MARICO,MARICO24JANFUT,1200,556.0,5.575539568345324,37200.0,31,32,33.95,28.9,36.2,31.75,36.05,57.65,56.8,MARICO24JANFUT
MARUTI,MARUTI24JANFUT,50,10412.25,5.791255492328747,30150.0,603,603,609.0,609.7,609.7,645.8,694.35,680.8499999999999,662.15,MARUTI24JANFUT
MCDOWELL-N,MCDOWELL-N24JANFUT,700,1107.65,7.403060533562044,57400.0,82,82,135.7,135.7,135.7,87.75,89.25,102.0,146.7,MCDOWELL-N24JANFUT
MCX,MCX24JANFUT,400,3215.55,9.236367028968605,118800.0,297,297,830.85,678.4,317.65,738.1,0.0,722.85,738.1,MCX24JANFUT
METROPOLIS,METROPOLIS24JANFUT,400,1700.0,10.294117647058822,70000.0,175,174,188.5,131.25,423.25,344.85,135.6,307.2,295.85,METROPOLIS24JANFUT
MFSL,MFSL24JANFUT,800,961.5,7.904316172646905,60800.0,76,76,80.75,135.45,83.65,84.2,135.45,148.35,148.35,MFSL24JANFUT
MGL,MGL24JANFUT,800,1218.75,7.876923076923077,76800.0,96,93,240.95,91.6,268.25,98.0,206.4,111.1,115.35,MGL24JANFUT
MOTHERSON,MOTHERSON24JANFUT,7100,102.4,9.765625,71000.0,10,10,9.6,9.7,14.65,9.9,14.3,13.55,15.35,MOTHERSON24JANFUT
MPHASIS,MPHASIS24JANFUT,275,2755.1,7.803709484229247,59125.0,215,252,625.75,609.4,625.75,658.7,546.5,577.4,713.15,MPHASIS24JANFUT
MRF,MRF24JANFUT,5,129200.0,4.356811145510836,28145.0,5629,7266,15955.55,16475.05,5346.049999999999,13595.15,13595.15,15985.4,6337.799999999999,MRF24JANFUT
MUTHOOTFIN,MUTHOOTFIN24JANFUT,550,1464.0,7.103825136612022,57200.0,104,105,243.9,95.55,247.15,268.5,206.15,229.4,229.4,MUTHOOTFIN24JANFUT
NATIONALUM,NATIONALUM24JANFUT,7500,128.0,11.71875,112500.0,15,15,33.95,33.3,33.3,9.75,16.05,25.3,27.55,NATIONALUM24JANFUT
NAUKRI,NAUKRI24JANFUT,150,5197.3,7.85022992707752,61200.0,408,408,442.25,1125.3,279.15,1050.6,1050.6,1203.65,1203.65,NAUKRI24JANFUT
NAVINFLUOR,NAVINFLUOR24JANFUT,150,3899.8,7.795271552387302,45600.0,304,292,625.4,625.4,288.95000000000005,304.75,323.29999999999995,648.95,648.95,NAVINFLUOR24JANFUT
NESTLEIND,NESTLEIND24JANFUT,40,26682.6,3.0244428953700164,32280.0,807,1186,2863.8,2901.05,2921.6,2367.1,2367.1,2564.0,2098.25,NESTLEIND24JANFUT
NMDC,NMDC24JANFUT,4500,206.55,9.682885499878964,90000.0,20,20,22.9,22.45,0.0,22.75,18.15,20.55,0.0,NMDC24JANFUT
NTPC,NTPC24JANFUT,3000,312.5,7.68,72000.0,24,24,26.35,75.89999999999999,26.450000000000003,28.95,26.5,75.89999999999999,82.5,NTPC24JANFUT
OBEROIRLTY,OBEROIRLTY24JANFUT,700,1455.75,6.525845783960158,66500.0,95,112,347.95,395.1,395.1,410.4500000000001,140.0,356.75,374.5,OBEROIRLTY24JANFUT
OFSS,OFSS24JANFUT,200,4244.55,4.853282444546537,41200.0,206,206,482.0,233.0,482.0,482.0,482.0,369.7,369.7,OFSS24JANFUT
ONGC,ONGC24JANFUT,3850,206.0,7.766990291262135,61600.0,16,17,,19.3,23.35,19.8,13.15,0.0,21.75,ONGC24JANFUT
PAGEIND,PAGEIND24JANFUT,15,39051.25,3.1061745782785444,18195.0,1213,0,0.0,2010.2,3440.55,0.0,4301.9,0.0,0.0,PAGEIND24JANFUT
PEL,PEL24JANFUT,750,938.65,8.522878602247909,60000.0,80,80,85.55000000000001,83.1,82.2,83.0,144.55,102.2,145.3,PEL24JANFUT
PERSISTENT,PERSISTENT24JANFUT,100,7362.95,7.9316035013140125,58400.0,584,584,629.25,632.35,681.85,670.65,615.5,1525.4,1598.35,PERSISTENT24JANFUT
PETRONET,PETRONET24JANFUT,3000,223.85,6.700915791824882,45000.0,15,16,15.5,19.5,24.95,18.8,20.1,25.2,25.2,PETRONET24JANFUT
PFC,PFC24JANFUT,3875,384.85,10.133818370793817,151125.0,39,39,41.900000000000006,45.5,43.65,47.5,47.8,50.7,54.5,PFC24JANFUT
PIDILITIND,PIDILITIND24JANFUT,250,2773.35,3.3172877566841548,23000.0,92,153,402.05,154.85000000000002,355.25,428.55,94.3,370.4,370.4,PIDILITIND24JANFUT
PIIND,PIIND24JANFUT,250,3536.7,6.757711991404417,59750.0,239,239,267.65,280.8,431.1,441.25,312.95000000000005,441.25,441.25,PIIND24JANFUT
PNB,PNB24JANFUT,8000,95.95,10.422094841063052,80000.0,10,10,10.45,9.65,10.0,10.1,10.2,11.15,11.3,PNB24JANFUT
POLYCAB,POLYCAB24JANFUT,100,5575.95,7.550282911432133,42100.0,421,421,472.9,511.2000000000001,529.5,446.6,883.5500000000001,357.1,966.95,POLYCAB24JANFUT
POWERGRID,POWERGRID24JANFUT,3600,238.5,7.127882599580712,61200.0,17,17,17.049999999999997,17.15,16.950000000000003,18.55,20.55,21.9,44.75,POWERGRID24JANFUT
PVRINOX,PVRINOX24JANFUT,407,1674.35,7.704482336429062,52503.0,129,129,144.15,158.15,250.1,295.25,310.4,320.25,320.25,PVRINOX24JANFUT
RAMCOCEM,RAMCOCEM24JANFUT,850,1029.4,5.634350106858364,49300.0,58,58,127.4,70.5,96.35,71.15,87.5,127.4,125.35,RAMCOCEM24JANFUT
RBLBANK,RBLBANK24JANFUT,2500,278.6,11.127063890882985,77500.0,31,31,30.3,32.75,38.4,36.95,37.4,34.2,35.0,RBLBANK24JANFUT
RECLTD,RECLTD24JANFUT,2000,411.0,9.975669099756692,82000.0,41,42,44.95,49.85,49.6,119.6,55.7,58.900000000000006,62.1,RECLTD24JANFUT
RELIANCE,RELIANCE24JANFUT,250,2617.6,4.6607579462102695,30500.0,122,122,129.9,133.64999999999998,137.60000000000002,143.2,137.05,147.95,137.95,RELIANCE24JANFUT
SAIL,SAIL24JANFUT,8000,122.95,11.386742578283854,112000.0,14,14,14.15,30.05,30.05,7.0,22.1,34.8,38.400000000000006,SAIL24JANFUT
SBICARD,SBICARD24JANFUT,800,771.05,6.354970494779846,39200.0,49,49,51.95,54.1,57.1,56.55,53.25,65.15,77.45,SBICARD24JANFUT
SBILIFE,SBILIFE24JANFUT,750,1439.7,5.904007779398485,63750.0,85,85,76.1,156.5,156.5,160.5,160.5,187.2,180.1,SBILIFE24JANFUT
SBIN,SBIN24JANFUT,1500,647.4,6.178560395427866,60000.0,40,41,43.2,41.55,43.05,45.15,46.15,47.95,47.65,SBIN24JANFUT
SHREECEM,SHREECEM24JANFUT,25,28834.6,4.817129420904053,34725.0,1389,1555,1813.45,2175.15,3750.5,4347.45,4347.45,4661.85,4008.25,SHREECEM24JANFUT
SHRIRAMFIN,SHRIRAMFIN24JANFUT,300,2076.0,6.647398843930636,41400.0,138,138,160.05,146.85,390.65,345.25,336.15,399.45,399.45,SHRIRAMFIN24JANFUT
SIEMENS,SIEMENS24JANFUT,150,4035.95,5.178458603302817,31350.0,209,325,332.75,655.5,372.85,312.5,587.0,655.5,464.75,SIEMENS24JANFUT
SRF,SRF24JANFUT,375,2519.95,7.0636322149249,66750.0,178,163,192.05,498.3,394.6,356.15000000000003,192.7,131.7,125.7,SRF24JANFUT
SUNPHARMA,SUNPHARMA24JANFUT,700,1265.35,5.136918639111709,45500.0,65,65,181.2,179.70000000000002,69.55,74.35,49.35,184.7,179.8,SUNPHARMA24JANFUT
SUNTV,SUNTV24JANFUT,1500,712.4,7.299270072992702,78000.0,52,53,52.85,53.85,123.6,60.3,97.2,59.6,61.1,SUNTV24JANFUT
SYNGENE,SYNGENE24JANFUT,1000,713.45,7.428691569135888,53000.0,53,53,58.25,68.4,68.4,87.3,87.3,68.4,68.4,SYNGENE24JANFUT
TATACHEM,TATACHEM24JANFUT,550,1124.35,8.627206830613243,53350.0,97,96,102.1,108.15,90.7,80.95,94.5,89.35,92.75,TATACHEM24JANFUT
TATACOMM,TATACOMM24JANFUT,500,1766.2,7.700147208696636,68000.0,136,136,131.3,141.85,134.1,134.45,145.05,163.45,365.65,TATACOMM24JANFUT
TATACONSUM,TATACONSUM24JANFUT,900,1080.4,6.0162902628656045,58500.0,65,61,153.8,66.75,59.0,136.0,121.2,115.85,112.45,TATACONSUM24JANFUT
TATAMOTORS,TATAMOTORS24JANFUT,1425,801.95,7.107675042084918,81225.0,57,65,51.2,49.1,48.95,47.5,50.5,55.5,59.7,TATAMOTORS24JANFUT
TATAPOWER,TATAPOWER24JANFUT,3375,335.35,8.647681526763083,97875.0,29,29,30.7,32.95,34.05,111.55,38.0,34.65,35.1,TATAPOWER24JANFUT
TATASTEEL,TATASTEEL24JANFUT,5500,140.6,7.823613086770982,60500.0,11,11,12.4,11.45,11.15,10.8,10.55,24.15,25.75,TATASTEEL24JANFUT
TCS,TCS24JANFUT,175,3826.35,5.801873848445647,38850.0,222,222,229.55,243.5,254.4,216.0,213.6,600.05,633.8,TCS24JANFUT
TECHM,TECHM24JANFUT,600,1287.0,6.993006993006993,54000.0,90,90,96.2,99.45,225.9,91.0,111.55,246.0,109.15,TECHM24JANFUT
TITAN,TITAN24JANFUT,175,3713.25,5.224533764222715,33950.0,194,196,209.75,206.2,190.7,583.55,225.15,628.1,640.15,TITAN24JANFUT
TORNTPHARM,TORNTPHARM24JANFUT,500,2299.0,6.785558938668987,78000.0,156,130,380.55,470.55,349.95,335.3,295.15,321.35,295.15,TORNTPHARM24JANFUT
TRENT,TRENT24JANFUT,400,3066.55,6.880696548238248,84400.0,211,203,802.2,222.8,216.0,237.45,785.9,802.2,933.9,TRENT24JANFUT
TVSMOTOR,TVSMOTOR24JANFUT,350,2031.65,6.989392858021805,49700.0,142,141,147.64999999999998,151.6,144.7,145.60000000000002,132.65,152.35,149.0,TVSMOTOR24JANFUT
UBL,UBL24JANFUT,400,1785.2,6.777952050190454,48400.0,121,122,101.3,225.0,112.8,197.7,85.15,197.7,197.7,UBL24JANFUT
ULTRACEMCO,ULTRACEMCO24JANFUT,100,10437.15,5.652884168570922,59000.0,590,590,2095.5,2033.5,1913.7,1913.7,1966.65,2033.5,630.85,ULTRACEMCO24JANFUT
UPL,UPL24JANFUT,1300,594.5,6.3919259882254,49400.0,38,38,41.650000000000006,42.75,68.65,68.65,67.3,77.44999999999999,82.85,UPL24JANFUT
VEDL,VEDL24JANFUT,2300,257.7,7.760962359332558,46000.0,20,21,,,24.85,,,28.7,,VEDL24JANFUT
VOLTAS,VOLTAS24JANFUT,600,988.1,7.185507539722701,42600.0,71,71,80.9,82.1,169.75,86.95,153.3,116.1,110.5,VOLTAS24JANFUT
WIPRO,WIPRO24JANFUT,1500,472.5,8.253968253968253,58500.0,39,39,42.3,30.55,42.85,60.85,73.95,87.8,41.55,WIPRO24JANFUT
ZEEL,ZEEL24JANFUT,3000,274.65,12.743491716730384,105000.0,35,35,30.6,32.1,34.6,57.05,30.05,58.25,63.2,ZEEL24JANFUT
ZYDUSLIFE,ZYDUSLIFE24JANFUT,900,694.4,6.624423963133641,41400.0,46,46,119.7,111.8,62.95,44.7,69.9,119.7,115.7,ZYDUSLIFE24JANFUT
